Data annuncio|Zona|Prezzo|Superficie|Locali|Bagni|Box Auto|Piano|Spese condominiali|Agenzia immobiliare|Descrizione|URL
|Via Resistenza, 3|500|85|3|1|x incluso: SI|5|158|STUDIO RMD UNO S.A.S.|SAN GENESIO ED UNITI: In zona residenziale, proponiamo in locazione appartamento al quinto piano servito da ascensore.
Ingresso su disimpegno che ci accompagna alla zona giorno in ambiente unico, con angolo cottura, servita da balcone. La zona notte ospita la camera singola e la camera matrimoniale servita da balcone, il bagno con doccia ed un comodo ripostiglio.
Completano la soluzione il box e la cantina di proprietà.
Soluzione completamente da arredere, libero subito!|https://www.tecnocasa.it/affitto/appartamenti/pavia/san-genesio-ed-uniti/40008875.html
|Via Pietro Nenni, 2|400|55|2|||||STUDIO BINASCO S.A.S.|MARCIGNAGO: Inserito in una piccola palazzina, l'appartamento è posto all'ultimo piano dotato di ascensore.
Entrando il soggiorno è ampio e con balcone di pertinenza, la cucina è abitabile, camera matrimoniale e bagno con vasca. Cantina nel prezzo.
Arredato. Libero subito.|https://www.tecnocasa.it/affitto/appartamenti/pavia/marcignago/21987574.html
|Via Camillo Campari, 62|700|97|3|2|x: 1|1|58|STUDIO PROGETTO UNO S.N.C.|CAMPARI - COOP
Appartamento di 3 locali con 2 servizi, ampio balcone, cucina abitabile, oltre cantina e box.
Completo di arredo.
Adatto sia per famiglie che per studenti.
Sito al primo piano di una palazzina di recente costruzione dotata di ascensore e di riscaldamento autonomo.
L'immobile è sito nella zona di viale Campari, nei pressi del supermercato Coop. Il quartiere si trova nella cerchia semi-centrale della Città, a nord-est rispetto al centro stesso. Servita anche da negozi (bar, tabacchi, poste e banche) e mezzi di trasporto (autobus n. 2, 4, 6), la zona è composta principalmente da abitazioni edificate intorno agli anni '70. Poco distante dal centro storico della Città, ne permette facilmente l'uscita grazie alla vicinanza con le tangenziali che portano velocemente alle località e Città limitrofe. Si caratterizza per una forte presenza di palazzine con ascensore, è l'ideale per chi vuole vivere a un passo dal cuore di Pavia senza rinunciare alla possibilità di parcheggio e percorrenza.|https://www.tecnocasa.it/affitto/appartamenti/pavia/pavia/40067296.html
|Via Lombroso, 11|550|81|3|1|||125|STUDIO RMD 23 S.A.S.|La palazzina sorge nella zona del Policlinico di Pavia, esattamente in via Lombroso. Il punto è strategico per raggingere la stazione FS a piedi e il policlinico di Pavia.
L'appartamento è dotato di due ampie camere da letto con sfogo sul balcone.
Il bagno è stato tutto ristrutturato ed è dotato di doccia.
La cucina è separata dal soggiorno ed è dotata di solo mobili senza accessori.
Il soggiorno è luminoso e spazioso.
Libero subito|https://www.tecnocasa.it/affitto/appartamenti/pavia/pavia/40070588.html
|Via Bernardo da pavia, 10|500|55|2|1||1|125|STUDIO RMD 23 S.A.S.|L’appartamento è posto nella zona della Stazione FS di Pavia. La palazzina è dotata di ascensore e di riscaldamento centralizzato.
L’ingresso si apre sulla zona soggiorno con balcone. La cucina è abitabile per 2-3 persone. La camera da letto è ampia.
Viene locato arredato. La consegna è prevista per settembre 2018.|https://www.tecnocasa.it/affitto/appartamenti/pavia/pavia/40027522.html
|Via E. Tibaldi, 15|620|80|3|1||1|50|STUDIO RMD 23 S.A.S.|L'appartamento è sito in zona Cravino, non distante dai principali Istituti Universitari e dalle cliniche Maugeri e san Matteo.
Situato nelle immediate vicinanze del raccordo autostradale che collega Pavia con l autostrada A7.
L'appartamento viene locato arredato, è dotato di riscaldamento autonomo.
L'ingresso si apre con un disimpegno ed il bagno, avente doccia.
La cucina a vista è dotata di piastre elettriche e fornita di frigorifero-freezer e forno.
Le spese condominiali mensili sono pari a 50-60 euro e includono la tassa rifiuti.
Nel condominio vi è la possibilità di usufruire di un posto auto coperto , locato a parte .|https://www.tecnocasa.it/affitto/appartamenti/pavia/pavia/21868225.html
|Via E. Tibaldi, 15|400|45|1|1|||38|STUDIO RMD 23 S.A.S.|L'appartamento è sito in zona Cravino, non distante dai principali Istituti Universitari e dalle cliniche Maugeri e san Matteo.
Situato nelle immediate vicinanze del raccordo autostradale che collega Pavia con l autostrada A7.
Il bilocale posto al piano terra, viene locato arredato, è dotato di riscaldamento autonomo.
L'ingresso si apre sulla zona giorno in cui troviamo la cucina a vista sul salotto, da li si accede anche alla camera da letto matrimoniale e al bagno con annesso anti-bagno.
Le spese condominiali mensili sono pari a 45 euro e includono la tassa rifiuti.
Nel condominio vi è la possibilità di usufruire di un posto auto coperto , locato a parte .|https://www.tecnocasa.it/affitto/appartamenti/pavia/pavia/21736811.html
|Via Piemonte, 24|500|70|2|1||2|100|STUDIO VALLONE S.A.S.|Campo Coni , Via Piemonte
Appartamento di due locali composto da soggiorno , cucina separata , camera mattrimoniale ed una zona studio.  In palazzina senza ascensore di recente Ristrutturazione con balcone. La zona tranquilla immersa nel verde, con mezzi di trasporto nell'immediata vicinanza (autobus di linea 4 , 6 , 7 ). L'immobile si trova in ottimo stato di manutenzione , vista la periodica manutenzione. Spese di condominio 100 euro mensili compreso il riscaldamento.
NON ARREDATO .
LIBERO DA FINE DICEMBRE|https://www.tecnocasa.it/affitto/appartamenti/pavia/pavia/40053891.html
|Via Assi S. Paolo, 24|600|74|3|1|x incluso: SI||50|STUDIO PROGETTO UNO S.N.C.|Via Assi San Paolo, zona Santo Spirito.
Due camere in appartamento di 3 locali totalmente arredato in costruzione del 2007 oltre all'autorimessa.
All'ingresso dell'appartamento si trova la zona living che consta di balcone con cuina e soggiorno in open space. Segue un disimpegno che porta nelle due ampie camere da letto ed al bagno. Nelle camere e nel disimpegno è stato messo il parquet.
Il riscaldamento dell'abitazione è autonomo, gli ambienti sono dotati di condizionatore. Tutte le tapparelle sono automatizzate.
Completa la soluzione il box.|https://www.tecnocasa.it/affitto/appartamenti/pavia/pavia/40068494.html
|Via Roma, 30|450|85|3|1|x incluso: SI|1|42|STUDIO VIDIGULFO 99 S.A.S.|MARZANO (AFFITTO CON RISCATTO): In centro paese e in piccola palazzina residenziale, proponiamo appartamento al 1° ed ultimo piano così composto: ingresso, ampio e luminoso soggiorno, cucina abitabile open space, disimpegno, due camere da letto, bagno e due balconi. Inclusi nel prezzo ampio box auto e cantina di proprietà al piano seminterrato. La porta d'ingresso è blindata. I serramenti sono in legno con doppi vetri e zanzariere. I pavimenti sono in gres con posa diagonale. Presente climatizzatore nel disimpegno. Il riscaldamento è autonomo. L' immobile si presenta in ottime condizioni. Prezzo di vendita Euro 95.000. Prestazione Energetica: F / IPE: 153,15 kWh/m2/anno. Per ulteriori informazioni o per fissare un appuntamento per visionare l'immobile potete contattarci allo 0382/696462 oppure al 327/2978610. (Rif. 905) -OGNI AGENZIA HA UN PROPRIO TITOLARE ED E' AUTONOMA.-|https://www.tecnocasa.it/affitto/appartamenti/pavia/marzano/21762872.html
|Via Po, 3|420|45|2|1||1||RMD STUDIO PROGETTO 2 S.A.S.|SAN MARTINO SICCOMARIO: In zona gravellone, posizione centrale comoda con tutti i principali servizi e linee di comunicazione da e per Pavia, in contesto di casa di ringhiera proponiamo un bilocale completamente ristrutturato e parzialmente arredato posto al 1° piano (senza ascensore) con ballatoio in uso esclusivo costituito al suo interno da zona cucina/pranzo, camera da letto e bagno con doccia. Riscaldamento autonomo e basse spese condominiali.
LIBERO SUBITO|https://www.tecnocasa.it/affitto/appartamenti/pavia/san-martino-siccomario/40045963.html
|Via Dei Mille, 161|450|65|2|1||5|170|STUDIO PROGETTO TRE S.A.S.|BORGO TICINO: A metà di via Dei Mille, in zona ben servita dalle principali attività commerciali, dai mezzi pubblici ( autobus linee 1, 21 e 22) e comoda per raggiungere la tangenziale , proponiamo, in locazione, appartamento di due locali sito al quinto ed ultimo piano servito da ascensore.
L'immobile è così composto: ingresso su ampia sala servita da balcone con vista Duomo e sulla città , cucina abitabile, ampia e luminosa camera da letto matrimoniale e bagno con vasca.
Presenza di condizionatore autonomo e cantina.
é possibile locare l'appartamento completamente arredato oppure privo di qualsiasi complemento d'arredo.
Ideale per lavoratori, coppie e studenti.
Disponibile da NOVEMBRE.|https://www.tecnocasa.it/affitto/appartamenti/pavia/pavia/40062573.html
|Via Sant'Ennodio, 00|1.000|150|5|2||2|167|STUDIO PROGETTO TRE S.A.S.|CENTRO STORICO: Nel cuore del Centro Storico, a pochi passi dalla chiesa di San Michele, in stabile signorile ben curato in tutte le sue parti e di poche unità abitative, proponiamo studio in locazione al piano terra di ampia metratura disposto su due livelli. Riscaldamento centralizzato a fan coil con contabilizzatori già installati(aria calda/aria fredda).|https://www.tecnocasa.it/affitto/appartamenti/pavia/pavia/40022806.html
|Via Cascina spelta, 24|400|55|2|1||1|83|STUDIO ERREBI S.A.S.|ZONA COOP - Palazzina con ascensore, l'appartamento è posto al primo piano, viene affittato arredato. Ampio balcone e cantina.|https://www.tecnocasa.it/affitto/appartamenti/pavia/pavia/40071322.html
|Via Assi S. Paolo, 28|380|40|1|1||2|67|STUDIO ERREBI S.A.S.|Assi San Paolo: In una traversa di V.le Campari, comoda per i servizi ma tranquilla, monolocale al piano rialzato con riscaldamento autonomo. E' composto da ingresso, cucinotto, bagno con doccia e camera.Balcone. Cantina. L'immobile è arredato. Libero  subito.|https://www.tecnocasa.it/affitto/appartamenti/pavia/pavia/40063102.html
|Via Milazzo, 89|650|55|2|1||1|0|STUDIO PROGETTO TRE S.A.S.|BORGO TICINO: A metà di via Milazzo, a pochi passi dal Ponte Coperto, proponiamo, in locazione, appartamento di due locali, termoautonomo, sito al primo piano, in contesto di ringhiera, ideale per lavoratori e coppie.
L'immobile è composta da: ampia sala servita da balcone, con una meravigliosa vista sul Ticino, cucinotto, camera da letto matrimoniale e bagno con doccia.
Le spese di luce e gas sono a carico degli inquilini.
L'appartamento verrà consegnato completamente arredato e con elettrodomestici ( lavatrice e frigorifero nuovo).|https://www.tecnocasa.it/affitto/appartamenti/pavia/pavia/40068070.html
|Via Riviera, 31|480|65|2|1||1|120|STUDIO RMD 23 S.A.S.|Bilocale in Via Riviera completamente arredato sito al primo piano con ascensore. Composto da ingresso cucinotto, soggiorno, camera matrimoniale con balcone e bagno con finestra e vasca. 120 euro al mese di spese comprensive di riscaldamento e acqua calda. Libero subito.|https://www.tecnocasa.it/affitto/appartamenti/pavia/pavia/40066161.html
|Viale Liberta, 45|1.100|159|5|2|x: 1|2|208|STUDIO RMD 23 S.A.S.|La palazzina è di taglio signorile ed è posta su viale della Libertà. Lo stabile è servito da ascensore.
Posto al secondo piano, l'ingresso si apre sul disimpegno che serve il soggiorno doppio con accesso all'ampio balcone. La cucina è ampiamente abitabile è si ha accesso all'ampio locale ad uso lavanderia o quarta camera da letto.
La zona notte ospita i doppi servizi di ampia metratura entrambi con finestra; uno con doccia e l'altro con vasca. Le camere da letto sono tre di ampie dimensioni.
Gli infissi sono stati rifatti con il doppio vetro.
Completa la cantina ed il box auto.|https://www.tecnocasa.it/affitto/appartamenti/pavia/pavia/21984704.html
|Via Bona Di Savoia, 1|250|60|2|1||3|100|STUDIO PROGETTO UNO S.N.C.|CITTA' GIARDINO : Proponiamo stanza per studentesse libera da metà Dicembre.
L'immobile è composto dalla cucina abitabile con balcone,bagno con vasca e un'altra camera attualmente affittata.
Terzo piano in palazzina servita d'ascensore.
Climatizzato,zanzariere. Internet.|https://www.tecnocasa.it/affitto/appartamenti/pavia/pavia/40060327.html
|Via Dei mille, 161|500|95|3|1||3|158|STUDIO PROGETTO TRE S.A.S.|BORGO TICINO: Comodo a tutti i servizi che offre la città e ai mezzi pubblici, proponiamo ampio e luminoso appartamento di tre locali, dotato di riscaldamento centralizzato, con termovalvole installate, sito al terzo piano, con ascensore.
L'appartamento è composto da una spaziosa cucina abitabile, ampio salone con balcone, due camere da letto molto luminose, servite entrambe da balconi, i quali offrono viste uniche e suggestive sulla città.
Per completare la soluzione abbiamo il posto auto.
L'appartamento sarà locato completamente arredato.
SOLO LAVORATORI.|https://www.tecnocasa.it/affitto/appartamenti/pavia/pavia/40010465.html
|Via Candio, 17|220|100|3|1||2|70|STUDIO VALLONE S.A.S.|Clinica.
In palazzina signorile con mezzi di trasporto nelle immediate vicinanze, situato al secondo piano, proponiamo camera singola. L'appartamento gode di soggiorno comune con portafinestra che porta al balcone, cucina abitabile per due persone e bagno di servizio con vasca. Le spese condominiali sono circa 70 euro mensili compreso di riscaldamento e acqua fredda. L'immobile è sito nella zona denominata Clinica Città di Pavia, proprio per la vicinanza all'omonima struttura ospedaliera. Il quartiere si trova nella cerchia semicentrale della Città, nella zona nord est di Pavia. Servita anche da negozi (bar, tabacchi, poste e banche) e mezzi di trasporto (autobus n. 4, 10), è composta principalmente da abitazioni edificate tra gli anni '60 e '70. Comodissima per raggiungere il centro storico della Città, ne permette facilmente anche l'uscita grazie alle vie vicine che collegano alle tangenziali che portano velocemente alle località e Città limitrofe. E' l'ideale per chi vuole vivere nei pressi del cuore della Città senza rinunciare alla facilità di parcheggio e percorrenza.|https://www.tecnocasa.it/affitto/appartamenti/pavia/pavia/40021355.html
|Via Mincio, 15|350|30|1|1||2|100|STUDIO RMD 23 S.A.S.|Monolocale completamente arredato nella zona di Piazzale Tevere precisamente in via Mincio. Sito al secondo piano della palazzina composta da otto apprtamenti senza ascensore. Composto da corridoio di ingresso, camera matrimoniale con balcone, cucinotto e bagno con doccia e finestra. Completa la cantina. Riscaldamento centralizzato con termo valvole 100 euro di spese condominali mensili.Libero dal 1 Ottobre 2018.|https://www.tecnocasa.it/affitto/appartamenti/pavia/pavia/40052036.html
|Via Frank, 9|500|65|2|1||1|100|STUDIO PROGETTO TRE S.A.S.|CENTRO STORICO: In zona tribunale, vicino a tutti i centri di interesse che offre la città, proponiamo appartamento al primo piano servito da ascensore, composto da un ampio ingresso, soggiorno con cucina a vista e balcone, camera matrimoniale e bagno.
L'immobile è completo di zanzariere e cucina nuova.
Libero subito.|https://www.tecnocasa.it/affitto/appartamenti/pavia/pavia/21976834.html
|VIA TICINELLO, 22|600|50|2|1|||0|STUDIO RMD 23 S.A.S.|L'appartamento è posto nella zona del Ticinello, a pochi passi dalla Stazione FS di Pavia e comodo per raggiungere il centro della Città.
Dotato di servizio di portineria e ascensore.
Nelle spese sono compresi riscaldamento e aria condizionata.
Le case sono state oggetto di ristrutturazione nei primi anni 2000.
All'interno troviamo posto per ospitare le biciclette.
Infisso con doppio vetro.
Ottimo capitolato.|https://www.tecnocasa.it/affitto/appartamenti/pavia/pavia/22010043.html
|VIA TICINELLO, 22|550|48|2|1|||0|STUDIO RMD 23 S.A.S.|L'appartamento è posto nella zona del Ticinello, a pochi passi dalla Stazione FS di Pavia e comodo per raggiungere il centro della Città.
Dotato di servizio di portineria e ascensore.
Nelle spese sono compresi riscaldamento e aria condizionata.
Le case sono state oggetto di ristrutturazione nei primi anni 2000.
All'interno troviamo posto per ospitare le biciclette.
Infisso con doppio vetro.
Ottimo capitolato.|https://www.tecnocasa.it/affitto/appartamenti/pavia/pavia/22010042.html
||650|98|3|1|x incluso: SI|2|167|STUDIO RMD 23 S.A.S.|L'appartamento è posto nella zona di viale Golgi di Pavia. Lo stabile è dotato di riscaldamento centralizzato con termovalvole.
Posto al secondo piano con ascensore, l'ingresso si apre sulla zona giorno con cucina abitabile separata divisa con tinello e angolo cottura. Le camere da letto sono due e sono di ampie dimensioni.
Il bagno è dotato di doccia.
completa il box auto.
viene locato arredato.|https://www.tecnocasa.it/affitto/appartamenti/pavia/pavia/40061563.html
|Piazza Borgo Calvenzano, 1|700|65|2|1||1|40|STUDIO PAVIA UNO|In Piazzale Borgo Calvenzano proponiamo bilocale di 65 mq completamente ristrutturato.
L'appartamento è dotato di riscaldamento autonomo e posto al primo piano.
L'immobile è composto da cucina, soggiorno , camera e bagno .
L'arredamento è parziale.
La soluzione è situata a due passi dal centro storico e dal castello visconteo , servita da mezzi pubblici che collegano la zona alle varie destinazioni di pavia , quali il centro, le sedi universitarie , la stazione, gli ospedali e i paesi limitrofi .|https://www.tecnocasa.it/affitto/appartamenti/pavia/pavia/40030467.html
|Via Cavallini, 2|535|48|2|1|||67|STUDIO RMD 23 S.A.S.|Bilocale in zona Ticinello completamente arredato e ristrutturato. Riscaldamento centralizzato 65 euro di spese condominali mensili. Composto da ingresso, soggiorno con cucina a vista con balcone, e bagno con doccia e finestra. Libero dal 31 ottobre.|https://www.tecnocasa.it/affitto/appartamenti/pavia/pavia/40059454.html
|Via Palestro, 10|2.500|190|5|2|||200|STUDIO RMD 23 S.A.S.|La palazzina è posta nella zona del Centro Storico, in palazzo signorile d'epoca.
Posto al primo piano, l'ingresso si apre sull'ampio ingresso che serve tutti i locali della casa.
La casa presenta altezza interna di oltre 4,00 metri tipica delle case del fine 800
Dotato di doppi servizi, uno padronale nella zona notte, l'altro accanto alla cucina e alla cameretta.
Viene locato con cucina completa e qualche mobile nelle camere da letto.
Il riscaldamento è dotato di termo valvole.|https://www.tecnocasa.it/affitto/appartamenti/pavia/pavia/22010116.html
|Viale Sicilia, 25|400|45|1||||42|STUDIO PAVIA TRE|ZONA: A due passi dal centro storico, zona ideale sia per chi deve raggiungere il centro, sia per chi deve uscire dalla città. La linea dell'autobus n. 3 inoltre permette di raggiungere, in breve tempo sia la zona del centro storico, sia la zona Policlinico/Stazione.
CONTESTO: La palazzina è stata edificata negli anni '30, e poi completamente ristrutturata negli anni '80 a livello di parti comuni. Ogni unità abitativa è caratterizzata dalla presenza di riscaldamento autonomo e posto auto condominiale all'interno del cortile.
APPARTAMENTO: La soluzione si presenta in ottime condizioni interne; la pavimentazione è in cotto e sono presenti nell'abitazione delle parti in mattoni a vista tipici dell'epoca. L'ingresso è diretto sulla zona giorno, a seguire troviamo il bagno con vasca e la camera matrimoniale con all'interno un armadio a 6 ante e un divano letto matrimoniale. Il riscaldamento è autonomo e le spese di gestione annue sono minime. L'immobile viene affittato completo di arredamento. Libero subito.|https://www.tecnocasa.it/affitto/appartamenti/pavia/pavia/40055317.html
|Via Giacomo Franchi, 2|600|55|4|||2|130|STUDIO RMD 23 S.A.S.|La palazzina sorge nella zona del Ticinello; posto in stabile signorile servito da portineria e ascensore. Posto al primo piano servito da ascensore; si apre sull'ingresso comune, dotato di un ampia sala con un lato della parete finestrato. Accanto troviamo un altra saletta. Il bagno è separato.
Dotato di impianti con termovalvole.|https://www.tecnocasa.it/affitto/appartamenti/pavia/pavia/21661194.html
|Via Giacomo Franchi, 2|500|88|2|||2|160|STUDIO RMD 23 S.A.S.|La palazzina sorge nella zona del Ticinello; posto in stabile signorile servito da portineria e ascensore. Posto al primo piano servito da ascensore; si apre sull'ingresso comune, dotato di un ampia sala con un lato della parete finestrato. Accanto trovaimo il bagno. Dotato di impianti con termovalvole.|https://www.tecnocasa.it/affitto/appartamenti/pavia/pavia/21667676.html
|Via XI Febbraio, 11|300|70|3|1|||0|STUDIO RMD 23 S.A.S.|Bilocale in Centro a Dorno. Sito al piano terro di una piccola palazzina di sole tre unità immobiliari. Coimposto da cucina abitabile ,ampio soggiorno, camera matrimoniale e bagno. Riscalfamento autonomo. L'appartamento viene consegnato completamente NON arredato. Nessuna spesa condominale. Solo referenziati.|https://www.tecnocasa.it/affitto/appartamenti/pavia/dorno/40041349.html
|Via Bianca Maria Visconti, 14|350|60|2|1||4||STUDIO PROGETTO TRE S.A.S.|BORGO TICINO: Nella prima parte di Borgo Ticino, a 100 metri dal Ponte Coperto e nelle vicinanze delle principali attività commerciali ( banca, posta, bar, tabaccheria), proponiamo in locazione, al quarto ed ultimo piano, in palazina servita da ascensore, stanza singola con balcone, ideale per una studentessa.
Cucina abitabile e bagno sono in comune con la seconda inquilina.
Le spese condominiali ammontano a euro 50 (salvo conguaglio) e comprendono riscaldamento, luce, gas per cucinare, acqua, quota ascensore, luce e pulizia scale.|https://www.tecnocasa.it/affitto/appartamenti/pavia/pavia/40069857.html
|Corso Garibaldi, 7|950|60||1||||STUDIO PROGETTO TRE S.A.S.|NEGOZIO CENTRO STORICO: In una delle zone più commerciali di Pavia, in C.so Garibaldi, zona San Michele, proponiamo negozio disposto su due livelli, con vetrina fronte strada. Al piano terra la zona commerciale, mentre al primo piano troviamo i servizi e due stanze utilizzabili come deposito o ufficio. Libero subito. NON CI SONO SPESE CONDOMINIALI.|https://www.tecnocasa.it/affitto/appartamenti/pavia/pavia/21973844.html
|Via Enrico Fermi, 20|400|70|2|1||-1||RMD STUDIO PROGETTO 2 S.A.S.|CAVA MANARA: Loc. Mezzana Corti, in zona tranquilla e silenziosa del paese, proponiamo ampio bilocale sito al piano terra, in abitazione indipendente composta da due appartamenti. L'immobile è caratterizzato, all'ingresso, da un disimpegno che conduce alla luminosa zona giorno e alla cucina abitabile, entrambi con vista sul giardino retrostante la casa.
Proseguendo, troviamo il bagno finestrato di notevoli dimensioni dotato di vasca ed infine la grande camera matrimoniale.
Completa la soluzione un grande giardino ben curato.
LIBERO SUBITO|https://www.tecnocasa.it/affitto/appartamenti/pavia/cava-manara/22000743.html
|Piazza Della libertà, 2|400|70|2|1||1|0|STUDIO PAVIA TRE|Belgioioso: In posizione centrale, appartamento ristrutturato posto al primo piano in contesto di casa indipendente. L'ingresso è tramite una scala interna, dalla quale si arriva direttamente nel soggiorno. Da qui accediamo alla cucina abitabile e alla camera da letto matrimoniale. Il bagno è completo di doccia. La soluzione è completamente arredata e dispone di posto auto all'interno del cortile privato. Libero da Novembre 2018.|https://www.tecnocasa.it/affitto/appartamenti/pavia/belgioioso/40013554.html
|Via S. Pietro in Verzolo, 55|400|60|2|1||3||STUDIO PAVIA TRE|ZONA: In zona centrale ben servita da negozi e mezzi pubblici. Posizione ideale sia per chi deve raggiungere il centro, verso Corso Garibaldi,  in poco tempo, sia per chi deve uscire dalla città verso la tangenziale. Servita dalla linea dell'autobus n.3, permette di raggiungere la zona Policlinico, Stazione ecentro in poche fermate.
CONTESTO: La palazzina è composta da due scale ed entrambe sono servite da ascensore; le parti comuni sono state ristrutturate e si presentano in ottimo stato.
APPARTAMENTO: La soluzione si presenta con angolo cottura su soggiorno, camera matrimoniale arredata recentemente, bagno e due balconi. L'immobile è completo di arredo. Completa il tutto la cantina. Libero da ottobre 2018.|https://www.tecnocasa.it/affitto/appartamenti/pavia/pavia/40028987.html
|Via Cavallotti, 6|450|120||||||STUDIO PAVIA TRE|In zona centrale, locale commerciale di ampia metratura e in buono stato. Si sviluppa su 2 livelli ed è composto da 4 locali da adibire a seconda delle proprie esigenze e doppi servizi. No spese condominiali.|https://www.tecnocasa.it/affitto/appartamenti/pavia/linarolo/21343233.html
|Via Giuseppe Mazzini, 14|1.000||2|||||STUDIO GIARDINI|STRADELLA-via mazzini-Affittasi locale ad uso ufficio composto da 4 vani più bagno.


SEGUICI SU FACEBOOK: Agenzia Tecnorete Stradella.|https://www.tecnocasa.it/affitto/appartamenti/pavia/stradella/21661012.html
